,model_name,params,validation_f1,test_f1,is_winning_variant
82,NMF,"{'n_factors': 100, 'n_epochs': 50, 'reg_pu': 0.02, 'reg_qi': 0.05}",0.8170093804942505,0.8163234122436506,True
1,SVD,"{'n_factors': 30, 'n_epochs': 30, 'lr_all': 0.01, 'reg_all': 0.1}",0.6761204327593546,0.6837121485090007,True
30,SVD++,"{'n_factors': 30, 'n_epochs': 30, 'lr_all': 0.01, 'reg_all': 0.1}",0.6739434237043793,0.6790414144770104,True
0,SVD,"{'n_factors': 15, 'n_epochs': 30, 'lr_all': 0.002, 'reg_all': 0.05}",0.65138473619039,,False
2,SVD,"{'n_factors': 15, 'n_epochs': 10, 'lr_all': 0.002, 'reg_all': 0.1}",0.5798663783365071,,False
3,SVD,"{'n_factors': 100, 'n_epochs': 30, 'lr_all': 0.005, 'reg_all': 0.1}",0.6669933184855233,,False
4,SVD,"{'n_factors': 30, 'n_epochs': 10, 'lr_all': 0.005, 'reg_all': 0.05}",0.6438847826748183,,False
5,SVD,"{'n_factors': 30, 'n_epochs': 20, 'lr_all': 0.01, 'reg_all': 0.1}",0.6746073916637148,,False
6,SVD,"{'n_factors': 100, 'n_epochs': 20, 'lr_all': 0.002, 'reg_all': 0.1}",0.6280810944047326,,False
7,SVD,"{'n_factors': 30, 'n_epochs': 20, 'lr_all': 0.002, 'reg_all': 0.02}",0.6328834355828221,,False
8,SVD,"{'n_factors': 15, 'n_epochs': 20, 'lr_all': 0.005, 'reg_all': 0.02}",0.6684087062386792,,False
9,SVD,"{'n_factors': 100, 'n_epochs': 30, 'lr_all': 0.01, 'reg_all': 0.05}",0.6711261393707733,,False
10,SVD,"{'n_factors': 15, 'n_epochs': 30, 'lr_all': 0.005, 'reg_all': 0.05}",0.6733892399456682,,False
11,SVD,"{'n_factors': 15, 'n_epochs': 30, 'lr_all': 0.002, 'reg_all': 0.1}",0.6473451931389054,,False
12,SVD,"{'n_factors': 100, 'n_epochs': 30, 'lr_all': 0.005, 'reg_all': 0.02}",0.6675134775865889,,False
13,SVD,"{'n_factors': 30, 'n_epochs': 10, 'lr_all': 0.005, 'reg_all': 0.1}",0.640934530980739,,False
14,SVD,"{'n_factors': 100, 'n_epochs': 30, 'lr_all': 0.002, 'reg_all': 0.1}",0.6454394995368894,,False
15,SVD,"{'n_factors': 100, 'n_epochs': 20, 'lr_all': 0.01, 'reg_all': 0.1}",0.6685624574187624,,False
16,SVD,"{'n_factors': 30, 'n_epochs': 30, 'lr_all': 0.01, 'reg_all': 0.02}",0.6760057785754936,,False
17,SVD,"{'n_factors': 100, 'n_epochs': 20, 'lr_all': 0.005, 'reg_all': 0.02}",0.6609763000700124,,False
18,SVD,"{'n_factors': 15, 'n_epochs': 30, 'lr_all': 0.002, 'reg_all': 0.02}",0.6523324493731919,,False
19,SVD,"{'n_factors': 100, 'n_epochs': 10, 'lr_all': 0.005, 'reg_all': 0.02}",0.6411175220163984,,False
20,SVD,"{'n_factors': 100, 'n_epochs': 30, 'lr_all': 0.005, 'reg_all': 0.05}",0.6687763401109057,,False
21,SVD,"{'n_factors': 30, 'n_epochs': 20, 'lr_all': 0.002, 'reg_all': 0.05}",0.6321391764470629,,False
22,SVD,"{'n_factors': 15, 'n_epochs': 10, 'lr_all': 0.01, 'reg_all': 0.02}",0.6676567999881184,,False
23,SVD,"{'n_factors': 30, 'n_epochs': 30, 'lr_all': 0.002, 'reg_all': 0.05}",0.6494519615995162,,False
24,SVD,"{'n_factors': 30, 'n_epochs': 10, 'lr_all': 0.002, 'reg_all': 0.05}",0.5825801678942459,,False
25,SVD,"{'n_factors': 100, 'n_epochs': 10, 'lr_all': 0.01, 'reg_all': 0.05}",0.6641974206791914,,False
26,SVD,"{'n_factors': 100, 'n_epochs': 30, 'lr_all': 0.01, 'reg_all': 0.02}",0.6692811609529685,,False
27,SVD,"{'n_factors': 100, 'n_epochs': 10, 'lr_all': 0.002, 'reg_all': 0.05}",0.589199598924098,,False
28,SVD,"{'n_factors': 15, 'n_epochs': 20, 'lr_all': 0.002, 'reg_all': 0.1}",0.6295033403792449,,False
29,SVD++,"{'n_factors': 15, 'n_epochs': 30, 'lr_all': 0.002, 'reg_all': 0.05}",0.6484978931094068,,False
31,SVD++,"{'n_factors': 15, 'n_epochs': 10, 'lr_all': 0.002, 'reg_all': 0.1}",0.5766112720270554,,False
32,SVD++,"{'n_factors': 100, 'n_epochs': 30, 'lr_all': 0.005, 'reg_all': 0.1}",0.6602536334712534,,False
33,SVD++,"{'n_factors': 30, 'n_epochs': 10, 'lr_all': 0.005, 'reg_all': 0.05}",0.6385330088319481,,False
34,SVD++,"{'n_factors': 30, 'n_epochs': 20, 'lr_all': 0.01, 'reg_all': 0.1}",0.6717327025428741,,False
35,SVD++,"{'n_factors': 100, 'n_epochs': 20, 'lr_all': 0.002, 'reg_all': 0.1}",0.6196609748139401,,False
36,SVD++,"{'n_factors': 30, 'n_epochs': 20, 'lr_all': 0.002, 'reg_all': 0.02}",0.6230554694762938,,False
37,SVD++,"{'n_factors': 15, 'n_epochs': 20, 'lr_all': 0.005, 'reg_all': 0.02}",0.6558017273751409,,False
38,SVD++,"{'n_factors': 100, 'n_epochs': 30, 'lr_all': 0.01, 'reg_all': 0.05}",0.6569601955203195,,False
39,SVD++,"{'n_factors': 15, 'n_epochs': 30, 'lr_all': 0.005, 'reg_all': 0.05}",0.6686446712556373,,False
40,SVD++,"{'n_factors': 15, 'n_epochs': 30, 'lr_all': 0.002, 'reg_all': 0.1}",0.6471891694997571,,False
41,SVD++,"{'n_factors': 100, 'n_epochs': 30, 'lr_all': 0.005, 'reg_all': 0.02}",0.6365028117563245,,False
42,SVD++,"{'n_factors': 30, 'n_epochs': 10, 'lr_all': 0.005, 'reg_all': 0.1}",0.6366809552969994,,False
43,SVD++,"{'n_factors': 100, 'n_epochs': 30, 'lr_all': 0.002, 'reg_all': 0.1}",0.6365110444838769,,False
44,SVD++,"{'n_factors': 100, 'n_epochs': 20, 'lr_all': 0.01, 'reg_all': 0.1}",0.6619397315776145,,False
45,SVD++,"{'n_factors': 30, 'n_epochs': 30, 'lr_all': 0.01, 'reg_all': 0.02}",0.6547363114741945,,False
46,SVD++,"{'n_factors': 100, 'n_epochs': 20, 'lr_all': 0.005, 'reg_all': 0.02}",0.6312861117055425,,False
47,SVD++,"{'n_factors': 15, 'n_epochs': 30, 'lr_all': 0.002, 'reg_all': 0.02}",0.645116208415616,,False
48,SVD++,"{'n_factors': 100, 'n_epochs': 10, 'lr_all': 0.005, 'reg_all': 0.02}",0.6132768053369079,,False
49,SVD++,"{'n_factors': 100, 'n_epochs': 30, 'lr_all': 0.005, 'reg_all': 0.05}",0.6499616696980174,,False
50,SVD++,"{'n_factors': 30, 'n_epochs': 20, 'lr_all': 0.002, 'reg_all': 0.05}",0.6247831474597274,,False
51,SVD++,"{'n_factors': 15, 'n_epochs': 10, 'lr_all': 0.01, 'reg_all': 0.02}",0.6584920349742485,,False
52,SVD++,"{'n_factors': 30, 'n_epochs': 30, 'lr_all': 0.002, 'reg_all': 0.05}",0.6447738502470544,,False
53,SVD++,"{'n_factors': 30, 'n_epochs': 10, 'lr_all': 0.002, 'reg_all': 0.05}",0.5803935472433965,,False
54,SVD++,"{'n_factors': 100, 'n_epochs': 10, 'lr_all': 0.01, 'reg_all': 0.05}",0.6451896014284417,,False
55,SVD++,"{'n_factors': 100, 'n_epochs': 30, 'lr_all': 0.01, 'reg_all': 0.02}",0.6417181417857734,,False
56,SVD++,"{'n_factors': 100, 'n_epochs': 10, 'lr_all': 0.002, 'reg_all': 0.05}",0.5740941005568558,,False
57,SVD++,"{'n_factors': 15, 'n_epochs': 20, 'lr_all': 0.002, 'reg_all': 0.1}",0.6262195216228335,,False
58,NMF,"{'n_factors': 15, 'n_epochs': 100, 'reg_pu': 0.05, 'reg_qi': 0.05}",0.5034101981162715,,False
59,NMF,"{'n_factors': 30, 'n_epochs': 100, 'reg_pu': 0.02, 'reg_qi': 0.1}",0.5772418990203466,,False
60,NMF,"{'n_factors': 15, 'n_epochs': 50, 'reg_pu': 0.05, 'reg_qi': 0.1}",0.5348577895385025,,False
61,NMF,"{'n_factors': 100, 'n_epochs': 100, 'reg_pu': 0.1, 'reg_qi': 0.1}",0.4403824007896613,,False
62,NMF,"{'n_factors': 30, 'n_epochs': 50, 'reg_pu': 0.1, 'reg_qi': 0.05}",0.6211675251410351,,False
63,NMF,"{'n_factors': 30, 'n_epochs': 50, 'reg_pu': 0.02, 'reg_qi': 0.1}",0.7267501704385954,,False
64,NMF,"{'n_factors': 100, 'n_epochs': 100, 'reg_pu': 0.05, 'reg_qi': 0.1}",0.49872225023034267,,False
65,NMF,"{'n_factors': 30, 'n_epochs': 50, 'reg_pu': 0.05, 'reg_qi': 0.02}",0.7600977650112127,,False
66,NMF,"{'n_factors': 15, 'n_epochs': 100, 'reg_pu': 0.1, 'reg_qi': 0.02}",0.4898241488423564,,False
67,NMF,"{'n_factors': 100, 'n_epochs': 100, 'reg_pu': 0.02, 'reg_qi': 0.05}",0.7369978467350956,,False
68,NMF,"{'n_factors': 15, 'n_epochs': 100, 'reg_pu': 0.1, 'reg_qi': 0.05}",0.4860614724803431,,False
69,NMF,"{'n_factors': 15, 'n_epochs': 100, 'reg_pu': 0.05, 'reg_qi': 0.1}",0.5009637890678783,,False
70,NMF,"{'n_factors': 100, 'n_epochs': 100, 'reg_pu': 0.1, 'reg_qi': 0.02}",0.5995283760415029,,False
71,NMF,"{'n_factors': 30, 'n_epochs': 50, 'reg_pu': 0.1, 'reg_qi': 0.1}",0.5545836422041018,,False
72,NMF,"{'n_factors': 15, 'n_epochs': 50, 'reg_pu': 0.1, 'reg_qi': 0.02}",0.5244669607958262,,False
73,NMF,"{'n_factors': 100, 'n_epochs': 50, 'reg_pu': 0.02, 'reg_qi': 0.1}",0.8009646824200543,,False
74,NMF,"{'n_factors': 30, 'n_epochs': 100, 'reg_pu': 0.02, 'reg_qi': 0.02}",0.7229111879430258,,False
75,NMF,"{'n_factors': 100, 'n_epochs': 50, 'reg_pu': 0.1, 'reg_qi': 0.02}",0.7953075192199512,,False
76,NMF,"{'n_factors': 15, 'n_epochs': 100, 'reg_pu': 0.05, 'reg_qi': 0.02}",0.5163175675675675,,False
77,NMF,"{'n_factors': 100, 'n_epochs': 100, 'reg_pu': 0.1, 'reg_qi': 0.05}",0.48170107640727017,,False
78,NMF,"{'n_factors': 30, 'n_epochs': 50, 'reg_pu': 0.05, 'reg_qi': 0.05}",0.7067923749225793,,False
79,NMF,"{'n_factors': 15, 'n_epochs': 50, 'reg_pu': 0.02, 'reg_qi': 0.02}",0.5754846102428621,,False
80,NMF,"{'n_factors': 30, 'n_epochs': 100, 'reg_pu': 0.05, 'reg_qi': 0.05}",0.5394585780602652,,False
81,NMF,"{'n_factors': 100, 'n_epochs': 100, 'reg_pu': 0.02, 'reg_qi': 0.1}",0.633116439914456,,False
83,NMF,"{'n_factors': 100, 'n_epochs': 100, 'reg_pu': 0.02, 'reg_qi': 0.02}",0.801510334775573,,False
84,NMF,"{'n_factors': 100, 'n_epochs': 50, 'reg_pu': 0.05, 'reg_qi': 0.05}",0.7931312174324965,,False
